,id,first_name,email,gender,ip_address,city
0,1,Mylo,mmongenot0@live.com,Male,220.60.215.152,Chengtou
1,2,Inger,iwebb1@miibeian.gov.cn,Female,10.146.54.3,Yueshan
2,3,Ivy,igozzett2@abc.net.au,Female,103.166.32.169,Koungheul
3,4,Daphne,dpaddington3@umich.edu,Female,150.88.154.172,Poljčane
4,5,Eula,epeyzer4@github.com,Female,131.210.54.234,Saint-Herblain
5,6,Rozina,rskace5@auda.org.au,Female,86.5.177.248,Staryy Sambor
6,7,Lexy,ldupree6@youku.com,Female,250.11.204.86,Kwekwe
7,8,Portia,pjeromson7@msn.com,Female,228.98.38.155,Maqian
8,9,Sigmund,smarcinkus8@independent.co.uk,Male,6.63.52.179,Gostyń
9,10,Sylvester,srudiger9@skyrock.com,Male,147.78.230.34,El Paso
10,11,Shandee,sstanlocka@mysql.com,Female,210.154.122.121,Sarata
11,12,Teodoor,tmcgeraghtyb@exblog.jp,Male,14.181.158.13,Bolanon
12,13,Simeon,scobbyc@simplemachines.org,Male,238.134.184.234,Gostilitsy
13,14,Ardine,asiretted@deviantart.com,Female,166.198.240.81,Magangué
14,15,Gardie,grawstornee@ocn.ne.jp,Bigender,30.92.21.120,Belén
15,16,Massimo,mciccoloif@google.co.jp,Genderqueer,22.120.187.158,Talisay
16,17,Ryley,rlysg@skyrock.com,Male,74.172.158.33,Canaries
17,18,Lilas,llundh@mozilla.com,Female,230.254.42.125,Kiambu
18,19,Cullin,cgaili@ft.com,Male,206.129.43.79,Kangar
19,20,Lin,lacremanj@bandcamp.com,Male,36.37.30.177,Kiszkowo
20,21,Owen,osimonsonk@intel.com,Male,126.243.106.115,Svilajnac
21,22,Arel,amunganel@mediafire.com,Male,125.180.187.179,Kelin
22,23,Pacorro,pygoem@barnesandnoble.com,Male,83.74.171.110,Ozerne
23,24,Reinaldo,rgiovannonin@about.com,Male,7.172.197.176,Pitanga
24,25,Georg,gbutterleyo@irs.gov,Male,90.84.15.107,Ajman
25,26,Serge,smarthenp@zdnet.com,Male,253.117.169.214,Shuangqiao
26,27,Octavius,oklesseq@msu.edu,Male,103.72.145.210,Jermenovci
27,28,Tynan,tvasiliur@adobe.com,Male,232.197.224.209,Francos
28,29,Noland,nhuskinsons@mysql.com,Male,143.142.181.80,Tānsen
29,30,Bevon,bsolwayt@independent.co.uk,Male,241.97.255.84,Nyrob
30,31,Rodolphe,rcasoniu@msn.com,Male,150.111.21.36,Alvega
31,32,Zea,zstapellsv@tiny.cc,Female,94.142.169.151,Bakersfield
32,33,Jenifer,jbrockwellw@indiatimes.com,Female,181.62.52.245,Ribeirão das Neves
33,34,Sigmund,sesherwoodx@pen.io,Genderfluid,64.125.137.203,Juyuan
34,35,Marlowe,mkeeffey@constantcontact.com,Male,123.255.41.38,Cakungsari
35,36,Jan,jsummerladz@1688.com,Male,167.162.122.97,Agen
36,37,Gaile,gnursey10@economist.com,Male,225.92.70.178,Vagney
37,38,Ezekiel,eguppy11@dmoz.org,Male,172.168.136.55,Barra do Bugres
38,39,Bernardina,bburriss12@youtu.be,Female,205.172.47.36,Las Flores
39,40,Krista,kbradbrook13@wisc.edu,Female,252.148.83.217,Karpushikha
40,41,Thain,tjeste14@princeton.edu,Male,58.106.216.76,El Pardo
41,42,Warden,wsimkiss15@moonfruit.com,Male,217.125.55.66,Colonia Neuland
42,43,Sampson,slochran16@nasa.gov,Male,49.120.197.74,Krmelín
43,44,Malissa,mdunphy17@jimdo.com,Genderqueer,229.47.205.107,Banghai
44,45,Gabbi,gbrundle18@cnn.com,Female,40.236.22.82,Villa Ojo de Agua
45,46,Leola,lemberson19@cafepress.com,Female,229.179.14.51,Casal Galego
46,47,Willie,wgradwell1a@admin.ch,Female,117.116.171.234,Sionogan
47,48,Skippie,syerrell1b@sciencedaily.com,Male,19.96.36.79,Waihai
48,49,Wandis,wcottee1c@aboutads.info,Female,207.123.114.210,Pictou
49,50,Angelo,aringer1d@mit.edu,Male,228.126.38.39,Tubajon
50,51,Skippy,scheer1e@skyrock.com,Agender,121.127.186.238,Sandaotong
51,52,Wolfy,wpetrozzi1f@umich.edu,Male,69.242.127.42,Baru Timur
52,53,Rianon,rgarfit1g@buzzfeed.com,Female,246.65.159.186,Suisan
53,54,Nicolais,nbridge1h@woothemes.com,Male,20.219.221.215,Lawesigalagala Timur
54,55,Eliza,eduffitt1i@slate.com,Female,99.157.220.47,Pasirlimus
55,56,Arabel,acarberry1j@amazon.de,Female,174.236.15.75,Dawuhan
56,57,Amandie,apurselow1k@360.cn,Female,104.87.78.237,Poputnaya
57,58,Ferris,fneissen1l@webeden.co.uk,Male,226.76.215.220,São Bartolomeu
58,59,Amargo,aoneal1m@wix.com,Female,214.60.197.197,Sultan Kudarat
59,60,Breena,bwestmancoat1n@barnesandnoble.com,Female,154.207.238.173,Paraíso
60,61,Kin,kpearton1o@taobao.com,Male,32.13.77.41,Volkhov
61,62,Siana,sdeanesy1p@printfriendly.com,Female,17.114.81.18,Xinghai
62,63,Yvette,ydovidaitis1q@oracle.com,Female,131.46.77.249,Vostok
63,64,Robbie,rdodamead1r@uol.com.br,Male,172.15.28.177,Fushan
64,65,Bunni,bhendrickson1s@unicef.org,Female,31.155.178.38,Yuwan
65,66,Langsdon,lrosenschein1t@latimes.com,Male,84.29.248.214,Tempeh Tengah
66,67,Rebekah,rdyhouse1u@liveinternet.ru,Female,213.187.127.147,Shencun
67,68,Tedda,tmathely1v@wix.com,Female,96.30.251.188,Gubin
68,69,Erwin,esmaridge1w@stumbleupon.com,Male,97.84.117.239,Gaoqiao
69,70,Malinda,moxx1x@surveymonkey.com,Female,254.209.172.44,Fonte de Angeão
70,71,Mindy,mlefloch1y@berkeley.edu,Female,79.191.87.191,Vinces
71,72,Urbain,ugorriessen1z@linkedin.com,Male,144.79.179.121,Gaoua
72,73,Alisha,apoundesford20@google.ru,Female,214.207.132.120,Māsāl
73,74,Fran,ftuddenham21@telegraph.co.uk,Female,130.250.94.205,Gowurdak
74,75,Gabriela,gbridal22@networksolutions.com,Female,201.241.178.127,El Bagre
75,76,Piotr,ptissier23@miibeian.gov.cn,Male,129.225.206.18,Kubang
76,77,Putnem,pbenezeit24@mit.edu,Male,224.183.50.233,Täby
77,78,Sherry,sdurgan25@tuttocitta.it,Female,32.32.32.83,Gapluk
78,79,Brit,bwallen26@shinystat.com,Female,41.176.109.244,Saint John’s
79,80,Northrop,nohrt27@washington.edu,Male,50.185.254.166,Denver
80,81,Putnem,pdedomenicis28@constantcontact.com,Male,214.17.118.146,Catumbela
81,82,Hurleigh,hlillow29@delicious.com,Male,25.167.87.50,Le Lamentin
82,83,Rivi,rraleston2a@nhs.uk,Female,217.129.148.61,Semey
83,84,Faith,fdodge2b@wordpress.org,Female,174.37.249.160,San Juan de Mata
84,85,Dorotea,dzamora2c@about.me,Female,70.33.61.211,Timbaúba
85,86,Sonnie,sduckitt2d@hibu.com,Female,154.249.195.219,Linxi
86,87,Bebe,bmoine2e@rakuten.co.jp,Female,74.35.70.70,Gastello
87,88,Edith,elehrmann2f@tinypic.com,Female,52.117.198.13,Fukuma
88,89,Salmon,sruske2g@twitter.com,Male,194.162.160.38,Algarrobo
89,90,Blancha,bkornilyev2h@npr.org,Female,186.159.194.125,Mikhaylovsk
90,91,Jeno,jfittall2i@ebay.com,Male,72.197.75.195,Saint-Denis
91,92,Aldridge,aparidge2j@dropbox.com,Male,36.129.167.235,Phrae
92,93,Gennie,gbree2k@blog.com,Female,106.236.72.111,San Francisco
93,94,Eugene,ejealous2l@hc360.com,Male,212.90.201.109,Senta
94,95,Kerianne,kpartridge2m@google.fr,Female,108.83.179.175,Lavradio
95,96,Melitta,mmacfall2n@wisc.edu,Non-binary,37.220.113.220,Timba Timuk
96,97,Sammie,sstolberger2o@ovh.net,Male,24.233.166.77,Bertioga
97,98,Malina,mbrundell2p@meetup.com,Female,249.22.86.237,Pamyat’ Parizhskoy Kommuny
98,99,Lonnard,lebunoluwa2q@miitbeian.gov.cn,Male,224.97.41.229,‘Ubāl
99,100,Mohandis,mblaw2r@businesswire.com,Male,188.255.114.8,Talitsy
100,101,Ardeen,atennick2s@nasa.gov,Female,97.165.76.233,La’ershan
101,102,Christie,cformby2t@dailymotion.com,Female,48.92.247.132,Cincinnati
102,103,Homer,hlotwich2u@stumbleupon.com,Male,72.169.199.110,Ōmamachō-ōmama
103,104,Daniel,dgonnin2v@deliciousdays.com,Male,186.44.128.19,Mirotice
104,105,Marietta,mlippi2w@howstuffworks.com,Female,111.90.214.244,Suwalan
105,106,Jacky,jcockley2x@house.gov,Male,98.18.241.137,Kohlu
106,107,Anders,aoregan2y@discuz.net,Male,1.36.42.99,Huangjing
107,108,Wilton,wbracci2z@mozilla.org,Male,186.199.210.31,Bail
108,109,Sid,ssanchiz30@pagesperso-orange.fr,Male,97.173.162.95,Yumbe
109,110,Faun,ffirth31@gizmodo.com,Female,189.17.44.27,Ibirama
110,111,Husain,hjacob32@globo.com,Male,78.160.96.176,Nysa
111,112,Yorker,yprinnett33@ftc.gov,Male,40.37.248.193,El Copey
112,113,Sheppard,sodriscoll34@youtu.be,Male,201.249.128.23,Osekovo
113,114,Raleigh,rcoviello35@home.pl,Male,151.180.48.61,Zamość
114,115,Ranna,rcoupland36@patch.com,Female,201.62.9.64,Salta
115,116,Peirce,pblazy37@kickstarter.com,Male,98.206.151.33,Karaidel’
116,117,Greta,gbrolly38@sciencedirect.com,Female,122.241.185.236,Borlänge
117,118,Brandon,bwoodburne39@a8.net,Genderfluid,87.6.168.126,Lijia
118,119,Friedrich,fwinterburn3a@amazon.co.jp,Male,125.15.174.22,Épinal
119,120,Granger,gfried3b@japanpost.jp,Male,91.40.165.0,Villeneuve-sur-Lot
120,121,Jorrie,jirvin3c@histats.com,Female,10.145.233.111,Kęsowo
121,122,Erv,efulbrook3d@merriam-webster.com,Male,144.119.213.81,Hüremt
122,123,Prue,pswanton3e@live.com,Female,42.119.18.106,Shatian
123,124,Collie,ckeslake3f@so-net.ne.jp,Female,27.125.105.129,Staffanstorp
124,125,Hope,hdenial3g@bizjournals.com,Genderqueer,234.86.33.196,Uticyacu
125,126,Claretta,cbartram3h@wordpress.com,Female,43.107.132.41,Shixiang
126,127,Kelley,kmuck3i@tuttocitta.it,Male,67.102.31.51,Sonzacate
127,128,Celie,cdaspar3j@nifty.com,Female,28.134.129.213,Duut
128,129,Merrie,mchristopher3k@de.vu,Non-binary,211.32.154.113,Qingyang
129,130,Hugo,hyard3l@amazon.de,Male,53.95.138.15,Tarbagatay
130,131,Virgie,vdecker3m@google.ca,Female,39.237.157.99,Choco
131,132,Agatha,akatt3n@imgur.com,Female,24.82.184.210,Kyshtym
132,133,Daisie,dworsnop3o@answers.com,Female,233.7.225.96,Ḩadīdah
133,134,Chrissie,clob3p@unc.edu,Male,0.242.245.79,Bacag
134,135,Barbie,bgimeno3q@list-manage.com,Female,197.237.150.210,Xuhang
135,136,Izak,iaucott3r@purevolume.com,Male,29.52.66.30,Pangian
136,137,Kayle,kstoad3s@theglobeandmail.com,Female,185.88.20.228,Daliyuan
137,138,Doug,dsmales3t@dropbox.com,Male,239.221.71.44,Cabrero
138,139,Clayborn,cbleeze3u@mapy.cz,Male,222.14.164.72,Isfara
139,140,Jacky,jballard3v@symantec.com,Male,192.10.124.64,Innoshima
140,141,Fairleigh,fbolitho3w@hatena.ne.jp,Male,176.90.188.12,Omaha
141,142,Sarajane,smacrorie3x@utexas.edu,Female,88.50.197.215,Winnica
142,143,Roderic,rfancutt3y@bluehost.com,Male,151.4.141.103,Xhafzotaj
143,144,Avrit,agelland3z@mayoclinic.com,Female,129.63.40.0,Cangzhou
144,145,Ansell,ahaskey40@state.tx.us,Male,24.41.17.220,Sunnyvale
145,146,Nicola,nbullus41@moonfruit.com,Female,226.152.230.0,Tieli
146,147,Nellie,nbiggerdike42@squarespace.com,Female,192.137.192.142,Beloostrov
147,148,Yehudit,ydows43@cnbc.com,Male,55.107.182.74,Agía Varvára
148,149,Ethelbert,eerskine44@ycombinator.com,Male,214.118.147.48,Yangxi
149,150,Wendel,wocannovane45@epa.gov,Male,3.24.179.16,Dallas
150,151,Desmund,dtopham46@blogger.com,Male,84.161.239.208,Betong
151,152,Waly,wotridge47@eventbrite.com,Female,169.121.21.47,Muromtsevo
152,153,Pace,plyst48@marketwatch.com,Male,62.223.135.173,Paobulan
153,154,Karlan,kstrode49@artisteer.com,Male,80.59.185.22,Cavaillon
154,155,Dionisio,ddarton4a@123-reg.co.uk,Male,226.212.130.55,Bangad
155,156,Bartholemy,bedlyne4b@admin.ch,Male,158.185.246.201,Bandhagen
156,157,Dorelle,dedmondson4c@gnu.org,Female,170.184.153.197,Quimper
157,158,Onfroi,ocockayme4d@uiuc.edu,Male,230.134.71.44,Rizhao
158,159,Devin,dmylchreest4e@purevolume.com,Female,154.230.189.47,Tonosí
159,160,Ferris,flynn4f@soup.io,Male,77.133.235.228,Ramain
160,161,Venus,vkillby4g@mail.ru,Non-binary,216.179.30.153,Nong Chik
161,162,Guenna,gpeile4h@usda.gov,Female,54.36.107.236,Al Wardānīn
162,163,Odella,ofetterplace4i@hibu.com,Female,251.138.140.231,Xing’an
163,164,Marge,mcullagh4j@sogou.com,Female,148.17.89.237,Culacling
164,165,Mikol,mtaberner4k@jugem.jp,Agender,178.52.62.205,Dobropillya
165,166,Chiquita,ccoveney4l@army.mil,Non-binary,172.123.150.6,Lazaro Cardenas
166,167,Killie,kwilman4m@about.me,Male,123.129.202.125,Chengdu
167,168,Tudor,thedges4n@loc.gov,Male,198.220.112.236,Cibeureum
168,169,Justinn,jjakab4o@boston.com,Female,231.229.129.234,Tit Mellil
169,170,Katuscha,kredholls4p@theglobeandmail.com,Female,6.141.79.192,Cagayan
170,171,Brittney,bbeckingham4q@naver.com,Female,74.22.139.229,Pengulu
171,172,Melisent,mshackleford4r@slideshare.net,Female,250.35.22.218,Caopie
172,173,Mikol,mjamison4s@wiley.com,Male,239.240.21.151,Baru
173,174,Lizzy,lstonham4t@noaa.gov,Female,139.229.232.234,Cieurih Satu
174,175,Kayla,khellings4u@theguardian.com,Agender,52.146.199.39,São Mateus
175,176,Kelcey,kpeattie4v@ucoz.com,Female,69.122.136.7,Vrdy
176,177,Whitby,wpennetti4w@aol.com,Male,88.196.70.110,Āq Qāyeh
177,178,Renata,rsteffens4x@washington.edu,Female,237.250.125.216,Kuala Terengganu
178,179,La verne,lgrollmann4y@mozilla.com,Female,96.37.202.159,Paranapanema
179,180,Daile,dgallant4z@eepurl.com,Female,222.48.55.51,Loučná nad Desnou
180,181,Ellery,egarey50@hc360.com,Male,71.192.159.236,Dogonbadan
181,182,Ainslee,aroskeilly51@wikipedia.org,Female,162.59.34.118,Padang
182,183,Mayne,mpotteril52@noaa.gov,Male,136.223.148.76,Sujiazhuang
183,184,Corliss,cgreenwood53@cocolog-nifty.com,Female,227.195.214.47,Hudson Bay
184,185,Immanuel,icrufts54@360.cn,Male,176.124.115.163,Zhendeqiao
185,186,Lazar,lcrowne55@live.com,Male,113.16.247.68,Yuecheng
186,187,Erastus,eluscombe56@archive.org,Male,56.65.211.226,Tangpu
187,188,Moishe,mbroadbent57@cafepress.com,Male,57.156.66.49,Sedatigede
188,189,Doralynn,dkamienski58@mapquest.com,Female,213.90.205.85,Truskavets
189,190,Gert,ghessing59@princeton.edu,Female,66.56.177.203,Norrköping
190,191,Ulick,ucockings5a@sogou.com,Male,141.195.211.218,Huangkeng
191,192,Mack,myeowell5b@wisc.edu,Male,118.126.7.92,Soledade
192,193,Sada,sspawton5c@wordpress.org,Female,163.24.109.98,Mbalmayo
193,194,Mellie,mcroad5d@google.it,Female,12.110.247.99,Umingan
194,195,Noell,nodoireidh5e@ycombinator.com,Female,51.163.245.77,Cisalak
195,196,Liane,lbroomer5f@wordpress.org,Female,25.248.232.197,Thị Trấn Mường Khến
196,197,Heather,hgarrard5g@weibo.com,Female,255.216.27.229,Masachapa
197,198,Louisette,loscollee5h@who.int,Female,45.40.145.37,‘Alāqahdārī Gēlān
198,199,Blair,bmconie5i@wikimedia.org,Female,219.252.254.140,Zákynthos
199,200,Kurt,kmcdermot5j@blogspot.com,Male,171.188.179.0,Nàng Mau
200,201,Brynna,bparriss5k@dion.ne.jp,Female,131.251.101.46,Qingyuan
201,202,Zebedee,zbolus5l@prweb.com,Male,139.157.107.233,Solidaridad
202,203,Malina,mmowsdill5m@posterous.com,Female,200.162.242.203,Yangfeng
203,204,Merry,msimenet5n@webmd.com,Male,46.85.199.56,Bajina Bašta
204,205,Raffarty,rkovnot5o@nyu.edu,Bigender,149.15.227.202,Sirājganj
205,206,Kain,ksouthwood5p@oaic.gov.au,Male,93.195.89.220,Izyum
206,207,Sully,sstoakley5q@patch.com,Male,92.52.197.244,Bozhou
207,208,Mag,mclaiden5r@livejournal.com,Female,17.193.219.8,Cherëmukhovo
208,209,Torry,tmacgee5s@census.gov,Male,205.186.67.134,Péfki
209,210,Joella,jpane5t@pbs.org,Female,253.60.63.134,Abomey
210,211,Harley,hvasilyevski5u@si.edu,Male,117.183.207.175,Buri
211,212,Gherardo,gmallatratt5v@stumbleupon.com,Male,103.244.118.0,Kasreman Wetan
212,213,Erick,ecuthbert5w@icq.com,Male,11.250.159.76,Riyom
213,214,Sydelle,skeavy5x@163.com,Female,117.146.27.172,Sanjiao
214,215,Killian,kriggert5y@w3.org,Male,107.101.229.33,Normanton
215,216,Lydia,lhiley5z@artisteer.com,Female,13.226.141.185,Xiuyu
216,217,Reggy,rmcgaugan60@wikispaces.com,Male,50.212.42.198,Siguqiao
217,218,Angil,atimewell61@yelp.com,Female,52.2.196.72,Khairpur
218,219,Hobie,htring62@friendfeed.com,Male,38.207.199.148,Dartang
219,220,Israel,ibrash63@bloglines.com,Male,142.201.76.237,Campo Alegre
220,221,Darrel,dstennine64@apache.org,Male,172.142.93.217,Cirompang
221,222,Onofredo,ocappel65@scribd.com,Male,159.173.153.205,Didi Lilo
222,223,Nancy,nvize66@mtv.com,Female,217.204.172.75,Qingshuitang
223,224,Sawyer,szisneros67@accuweather.com,Male,149.127.188.249,Ponggok
224,225,Gustie,gyushachkov68@reddit.com,Female,164.145.248.114,Waru
225,226,Ali,acharley69@over-blog.com,Female,236.80.95.39,Põltsamaa
226,227,Ginni,grosenstock6a@bbb.org,Female,28.229.67.115,Shahrīār
227,228,Row,ralbinson6b@chron.com,Female,99.5.242.188,Yakovlevo
228,229,Alameda,acassar6c@digg.com,Female,33.55.24.7,Thị Trấn Quế
229,230,Dodi,dmilsap6d@army.mil,Female,183.13.154.31,Kakhovka
230,231,Kerrill,kpharrow6e@wix.com,Female,124.150.122.253,Tampa
231,232,Gray,gwhatford6f@livejournal.com,Genderfluid,169.4.209.101,Gubkinskiy
232,233,Deane,dellams6g@independent.co.uk,Genderqueer,198.59.239.253,Anshun
233,234,Lou,lhaughian6h@mtv.com,Agender,151.208.220.99,Qorashina
234,235,Davidson,dgillibrand6i@is.gd,Male,162.42.223.217,Mpophomeni
235,236,Holmes,hbowyer6j@wufoo.com,Male,29.133.174.147,Sopla
236,237,Kory,klefloch6k@apple.com,Male,131.4.179.4,Bembèrèkè
237,238,Lombard,lhysom6l@ning.com,Male,201.122.46.96,Igrejinha
238,239,Mariam,mcheeke6m@nature.com,Female,18.69.255.187,Lizi
239,240,Robinetta,rwainer6n@ustream.tv,Genderfluid,217.47.217.196,São Bartolomeu
240,241,Annis,aderrington6o@google.com.au,Female,72.17.78.116,Salamanca
241,242,Damiano,ddunderdale6p@dailymail.co.uk,Male,146.253.249.185,Mulan
242,243,Lewes,lbeddo6q@wufoo.com,Male,92.76.229.16,Cusco
243,244,Gaelan,gtonsley6r@live.com,Male,146.66.5.239,Bojongsari
244,245,Sile,sgretham6s@bluehost.com,Genderqueer,172.197.66.149,Cha-am
245,246,Heinrik,hsonner6t@google.it,Male,146.89.14.199,Teplice
246,247,Gerta,gfreezer6u@examiner.com,Female,101.132.106.39,Weixin
247,248,Forester,fdowney6v@huffingtonpost.com,Male,78.245.215.182,Andoany
248,249,Frederick,fdennes6w@dmoz.org,Male,153.69.153.113,Kuala Lumpur
249,250,Chrisy,clevin6x@webs.com,Male,248.186.192.146,Kaliterus
250,251,Rodger,rjanu6y@ibm.com,Male,190.109.22.218,Saint-Brieuc
251,252,Nickola,naloshechkin6z@hao123.com,Male,62.182.253.35,Gangshangji
252,253,Belita,btroy70@spotify.com,Female,219.49.11.21,Cajacay
253,254,Madge,mtreversh71@springer.com,Female,178.185.171.115,Ordóñez
254,255,Benjamin,bbrugden72@free.fr,Male,207.14.100.13,Dongmazar
255,256,Vonni,vcellier73@economist.com,Female,119.163.169.209,Mosteiro
256,257,Nathanial,nmcauliffe74@google.com.hk,Male,170.87.183.230,Gongdanglegi Kulon
257,258,Robbin,rmarritt75@discovery.com,Female,252.88.153.7,Paris La Défense
258,259,Neddie,nmeiner76@npr.org,Male,94.213.48.47,Lubrza
259,260,Griffie,gfrediani77@themeforest.net,Genderqueer,13.108.34.195,Paris La Défense
260,261,Rosmunda,runstead78@nih.gov,Female,82.245.0.41,Hlybokaye
261,262,Kristan,kfinden79@lulu.com,Female,120.56.14.0,Tagog
262,263,Sutherland,scaslett7a@amazon.co.jp,Male,101.96.247.38,Outeiro
263,264,Arman,abodker7b@over-blog.com,Male,253.187.236.103,Bolong
264,265,Henrietta,hhartus7c@google.com.hk,Female,177.99.34.65,Olenegorsk
265,266,Winifield,wcuckson7d@youtu.be,Male,108.68.223.64,Rosice
266,267,Maure,mdoddrell7e@npr.org,Bigender,207.242.99.74,Kaduseeng
267,268,Isidora,iisack7f@harvard.edu,Female,82.233.122.137,Cicayur
268,269,Jedediah,jbroader7g@patch.com,Male,87.58.171.51,Dian-ay
269,270,Horten,hhenrot7h@mlb.com,Male,107.160.39.103,Chahannao
270,271,Cherianne,ckensy7i@ebay.com,Bigender,114.196.236.5,Pniewy
271,272,Linnet,lskym7j@ibm.com,Female,248.84.105.150,Łomża
272,273,Carlie,chatchette7k@usatoday.com,Male,18.116.95.205,Lebedyn
273,274,Melisent,mliversage7l@reverbnation.com,Female,56.204.91.114,Lagoa do Itaenga
274,275,Annabell,amckain7m@economist.com,Female,185.245.17.180,Solnice
275,276,Virgie,vwreak7n@patch.com,Female,16.196.199.107,Borda da Mata
276,277,Johnath,jcrother7o@newyorker.com,Female,68.28.188.12,Tilburg
277,278,Allene,alarge7p@amazon.co.uk,Female,219.50.166.3,Goragorskiy
278,279,Basile,bsemrad7q@vkontakte.ru,Polygender,239.1.137.234,Mabalacat
279,280,Karlik,kwick7r@elpais.com,Male,220.252.158.42,Guruafin
280,281,Kelcy,kohickey7s@comsenz.com,Female,255.15.73.165,Ad Dimnah
281,282,Anselm,abordessa7t@nasa.gov,Male,207.26.138.199,Lianghe
282,283,Kain,kseebright7u@gravatar.com,Male,207.86.165.17,Oemofa
283,284,Lacee,lblackborn7v@shareasale.com,Female,197.42.35.22,Mulyorejo
284,285,Tadio,tprobey7w@cisco.com,Male,166.87.20.167,Borisova Griva
285,286,Conney,cdelacoste7x@paginegialle.it,Male,207.194.40.160,Hoogeveen
286,287,Idell,ipennicott7y@a8.net,Female,151.173.115.255,Tumen
287,288,Baudoin,bhilliam7z@fema.gov,Male,46.146.214.226,Yuanhou
288,289,Noach,nbonnick80@ihg.com,Male,18.149.39.242,Llusco
289,290,Christel,charsnipe81@npr.org,Female,125.232.24.100,Siwalan
290,291,Shayne,sapdell82@meetup.com,Male,180.114.34.37,Hengliang
291,292,Land,lphizackarley83@miibeian.gov.cn,Male,16.171.196.169,Sarkanjut
292,293,Gene,gswales84@nytimes.com,Male,58.18.235.74,Phra Pradaeng
293,294,Hillier,hdoutch85@google.it,Male,41.162.70.16,Beigang
294,295,Dory,djandac86@washingtonpost.com,Male,107.232.143.90,Dhuusamarreeb
295,296,Karlotta,kdornan87@indiegogo.com,Agender,188.118.75.55,Huacrachuco
296,297,Chico,cbuckle88@mozilla.com,Male,63.161.84.218,Massy
297,298,Onida,obenezet89@cocolog-nifty.com,Female,226.155.183.117,Cakungsari
298,299,Adolf,aradage8a@etsy.com,Male,34.45.238.75,Dogbo
299,300,Basile,bnancarrow8b@smh.com.au,Male,208.46.126.27,Punggurharjo
300,301,Aurora,alorroway8c@bloglines.com,Female,119.105.169.121,Manabo
301,302,Randal,rperrington8d@biblegateway.com,Male,129.212.235.25,Miastko
302,303,Sid,showardgater8e@booking.com,Male,218.34.60.188,Shangrao
303,304,Frederic,fraffin8f@dailymail.co.uk,Male,75.254.149.77,Ar Rujum
304,305,Gare,ghamill8g@liveinternet.ru,Male,9.18.54.150,Kota Bharu
305,306,Bella,bvedishchev8h@vistaprint.com,Female,43.100.165.207,Sremski Karlovci
306,307,Lauree,lhaselgrove8i@google.com.au,Female,149.85.121.141,Zgłobień
307,308,Brande,btennock8j@sun.com,Female,176.22.127.141,Chantilly
308,309,Roxana,rlockery8k@taobao.com,Female,202.209.206.170,Dalupaon
309,310,Adan,awhipp8l@cyberchimps.com,Male,43.205.34.73,Linshe
310,311,Marley,mfealy8m@reddit.com,Female,17.63.108.195,La Caya
311,312,Birgit,bcammish8n@umn.edu,Female,46.173.44.63,Yangirabot
312,313,Gussy,gyurinov8o@alibaba.com,Female,160.181.206.212,Ventspils
313,314,Mike,mrains8p@godaddy.com,Male,77.79.1.132,Rowotengah
314,315,Corliss,caish8q@ovh.net,Female,90.129.102.191,Guanzhuang
315,316,Shandeigh,smillea8r@patch.com,Female,214.48.30.184,San Martín
316,317,Raviv,rhartley8s@wikipedia.org,Male,250.59.2.6,Gengqing
317,318,Duane,dsmiley8t@businesswire.com,Male,137.250.80.173,Lindi
318,319,Finlay,fdeverall8u@blogspot.com,Male,179.33.198.102,Béja
319,320,Sarge,sgabel8v@ebay.com,Male,32.91.22.104,Pļaviņas
320,321,Rolland,rmartinello8w@nasa.gov,Male,73.122.172.237,Shilong
321,322,Miller,mmcanellye8x@dion.ne.jp,Male,148.149.36.44,Bandungsari
322,323,Gallagher,gpirt8y@paypal.com,Male,32.244.35.162,Düsseldorf
323,324,Wolfie,wlenoury8z@furl.net,Male,187.188.112.203,Dal’neye Konstantinovo
324,325,Nappie,nrickasse90@ameblo.jp,Male,130.1.187.52,Ibaiti
325,326,Charleen,cgiffaut91@gmpg.org,Female,169.40.206.56,Greytown
326,327,Sebastien,sheining92@canalblog.com,Male,99.88.120.254,Dapuchaihe
327,328,Caitrin,cpowling93@list-manage.com,Female,7.181.83.119,Singida
328,329,Anastasia,aribeiro94@nifty.com,Female,152.231.172.34,Adolfo Lopez Mateos
329,330,Bob,bmylchreest95@scientificamerican.com,Male,162.193.4.94,Svetogorsk
330,331,Ernst,egildersleeve96@lycos.com,Male,58.147.29.217,Chicoana
331,332,Norton,nizod97@last.fm,Male,210.191.90.228,Baghlān
332,333,Gaultiero,gtease98@amazon.de,Male,136.217.162.122,Skaramangás
333,334,Marina,mcurneen99@skyrock.com,Female,19.59.75.101,Courtaboeuf
334,335,Betsey,bdumbar9a@blog.com,Female,253.178.114.210,Ceres
335,336,Kelly,kastlatt9b@hostgator.com,Male,49.252.144.255,Vân Tùng
336,337,Jay,jwonham9c@ibm.com,Male,129.221.24.207,Ambovombe
337,338,Feodor,fteasey9d@foxnews.com,Bigender,89.1.170.72,Sumurber
338,339,Lorelei,lswaisland9e@biblegateway.com,Female,47.15.99.234,Sop Pong
339,340,Lynn,lambrozik9f@admin.ch,Female,132.112.28.61,Gorzów Wielkopolski
340,341,Dorothea,dspringle9g@harvard.edu,Female,63.108.15.99,Xiadu
341,342,Dory,dfollan9h@time.com,Male,74.205.211.57,Lobamba
342,343,Rodi,rmcness9i@phpbb.com,Female,189.13.104.120,Skärhamn
343,344,Gabie,grichardin9j@ca.gov,Female,150.54.243.205,Aegela
344,345,Jared,jhugland9k@noaa.gov,Male,94.153.128.16,Bruxelles
345,346,Bari,bclint9l@yandex.ru,Female,58.147.95.39,Zhangjiaji
346,347,Sophi,scattlow9m@whitehouse.gov,Female,103.195.117.58,Ribafria
347,348,Jessica,jiianon9n@naver.com,Female,143.146.153.1,Yonezawa
348,349,Alleen,aallington9o@dot.gov,Female,122.216.167.61,Skhodnya
349,350,Valera,vbonnette9p@cnbc.com,Female,163.55.186.19,Xiaoyangqi
350,351,Price,pforshaw9q@cbc.ca,Bigender,231.239.137.246,Piritiba
351,352,Cherin,ccrosson9r@disqus.com,Female,165.138.14.188,Liushi
352,353,Jeannie,jmatzeitis9s@guardian.co.uk,Female,23.4.145.0,Hengjing
353,354,Luca,lcoey9t@phoca.cz,Polygender,166.120.108.147,Verkhnye Syn’ovydne
354,355,Whitby,wstoving9u@hc360.com,Male,251.117.20.186,Patos de Minas
355,356,Mariska,mwanjek9v@godaddy.com,Female,139.254.181.147,Sharga
356,357,Melony,mgildroy9w@cafepress.com,Female,175.18.89.6,Forestville
357,358,Palmer,pgannaway9x@wikispaces.com,Male,98.126.67.159,Castlemartyr
358,359,Trish,twoodvine9y@elegantthemes.com,Female,70.6.67.105,Vespasiano
359,360,Wright,wantoniat9z@forbes.com,Male,72.218.224.157,Gabès
360,361,Diana,dkeegana0@networkadvertising.org,Female,224.176.140.224,Longcang
361,362,Leshia,lrickertsena1@macromedia.com,Bigender,5.103.96.246,Huquan
362,363,Jakob,jkainesa2@smh.com.au,Male,173.73.61.32,Lingdi
363,364,Leigha,llowrya3@elegantthemes.com,Female,165.143.135.92,Puračić
364,365,Rafe,rrameta4@latimes.com,Male,215.186.21.127,Satita
365,366,Dayna,dgysea5@businessweek.com,Female,230.255.217.244,Lidong
366,367,Norene,nwindhama6@moonfruit.com,Female,231.181.75.216,Jatiwangi
367,368,Bruce,bespinhoa7@google.com,Male,153.197.149.130,Zhangshi
368,369,Bathsheba,bbakewella8@globo.com,Female,121.50.112.87,Gorodishche
369,370,Ephrayim,erawsthornea9@creativecommons.org,Male,122.150.60.20,San Marcos
370,371,Dick,degelaa@amazon.com,Male,126.123.87.172,Rožaje
371,372,Legra,lscoullerab@apache.org,Female,224.161.234.176,Bŭstonqal’a
372,373,Jessica,jkibbyeac@arizona.edu,Female,42.102.227.91,Balung
373,374,Kipp,kmcasparanad@reuters.com,Female,102.6.6.14,Ivanava
374,375,Parry,pmastrantoneae@creativecommons.org,Male,162.236.171.199,Ugra
375,376,Cristabel,cwildishaf@ocn.ne.jp,Female,242.240.190.196,Boguszów-Gorce
376,377,Alec,awyrallag@weebly.com,Male,104.196.21.120,Jasień
377,378,Bendick,bdudingah@samsung.com,Male,21.241.130.13,Patao
378,379,Samson,sspeakmanai@timesonline.co.uk,Male,135.33.160.51,Domont
379,380,Geordie,gcotheyaj@reuters.com,Male,179.3.195.40,Ningdun
380,381,Joaquin,jspightak@xrea.com,Bigender,153.64.149.243,Lixu
381,382,Anabelle,amcgiffordal@va.gov,Female,72.5.22.189,Aix-en-Provence
382,383,Zebulen,zhollyeram@sfgate.com,Male,153.217.204.207,Xinxing
383,384,Belinda,bmorrisonan@joomla.org,Female,252.254.157.180,Banakaja
384,385,Ajay,adunsfordao@vimeo.com,Female,66.110.235.42,Muzhou
385,386,Julee,jbachuraap@foxnews.com,Female,222.66.63.76,Nazca
386,387,Fernande,fhanhamaq@linkedin.com,Female,205.255.212.114,Borås
387,388,Renault,rjendrichar@marketwatch.com,Male,12.75.123.165,Balyqshy
388,389,Joey,jellershawas@desdev.cn,Female,133.78.150.21,El Progreso
389,390,Pernell,pdreyeat@yolasite.com,Male,79.198.21.20,Nizhniy Lomov
390,391,Lucien,ldugdaleau@aol.com,Male,213.246.226.93,Mapulo
391,392,Luther,lgoreisrav@blogs.com,Male,221.150.54.190,Harjamukti
392,393,Queenie,qarrundaleaw@webeden.co.uk,Female,145.230.124.68,Petersfield
393,394,Rolando,rspeirax@friendfeed.com,Male,72.160.59.247,Al Ḩusayn
394,395,Fidelity,fgundreyay@opensource.org,Female,253.234.4.200,Arapuey
395,396,Ainsley,afarreyaz@hostgator.com,Female,181.20.176.188,Ziftá
396,397,Way,wchithamb0@nature.com,Male,119.12.143.40,Maputsoe
397,398,Debi,dsansonb1@issuu.com,Female,1.48.127.112,Xindeng
398,399,Clementina,cmcureb2@answers.com,Female,65.239.247.217,Stung Treng
399,400,Eldon,estarteb3@usa.gov,Male,28.136.93.97,Nogueira
400,401,Marianna,mdaykinb4@goo.gl,Female,13.48.95.66,Waajid
401,402,Bonni,bsimcockb5@t.co,Female,70.160.35.22,Yueyang
402,403,Carine,cteasellb6@howstuffworks.com,Female,127.201.143.253,Airmolek
403,404,Lida,logersb7@4shared.com,Female,28.91.30.5,Huashi
404,405,Hortensia,hhumpherstonb8@nydailynews.com,Female,81.202.201.31,Kota Ternate
405,406,Bernice,bbadbyb9@ocn.ne.jp,Female,62.211.88.136,Biankouma
406,407,Waylon,whacksbyba@pcworld.com,Non-binary,29.191.5.215,Senovo
407,408,Vance,vvalentibb@storify.com,Male,6.22.134.230,Dongtucheng
408,409,Marianna,mvigarsbc@jiathis.com,Female,149.129.43.103,Józefów
409,410,Kara-lynn,kgiddonsbd@oaic.gov.au,Female,184.70.72.43,Louisville
410,411,Garret,gchmarnybe@cdc.gov,Male,211.61.30.37,Krajan
411,412,Cyndi,cbossinghambf@drupal.org,Genderfluid,159.41.221.222,Guanban
412,413,Pandora,platebg@cbslocal.com,Female,244.204.22.166,Illushi
413,414,Wendeline,wtuftbh@privacy.gov.au,Female,44.53.27.119,Karlskoga
414,415,Rafe,rstaytbi@uol.com.br,Male,66.24.46.31,‘Ābūd
415,416,Miguel,mcoltartbj@unc.edu,Male,138.226.191.163,Pinheiro
416,417,Gilbertine,gviviansbk@exblog.jp,Female,50.86.106.213,Valence
417,418,Boony,bjearybl@spotify.com,Genderfluid,132.59.150.118,Mesopotam
418,419,Hanny,hthreadgoldbm@businesswire.com,Female,65.105.254.222,Santa Ana
419,420,Dannye,dprallbn@timesonline.co.uk,Agender,252.17.84.173,Špišić-Bukovica
420,421,Kane,kinglissbo@abc.net.au,Male,158.79.12.151,Lugu
421,422,Vanni,vbennbp@barnesandnoble.com,Female,145.190.107.208,Rezh
422,423,Doralynne,dafieldbq@chron.com,Female,121.155.66.38,Terentang
423,424,Justis,jbroomhallbr@opensource.org,Male,34.112.65.245,Tangxing
424,425,Daveen,dpheaseybs@diigo.com,Female,125.162.88.99,Kogota
425,426,Wynny,wlashmorebt@dailymail.co.uk,Female,145.213.104.27,Lunang
426,427,Elnar,erichardsonbu@tmall.com,Male,177.22.18.225,Bang Bon
427,428,Ruthann,rerleybv@blog.com,Female,64.124.24.87,Mattaldi
428,429,Belicia,btrousdellbw@dagondesign.com,Female,102.11.74.104,Otradnoye
429,430,Patin,pickowicsbx@diigo.com,Male,185.72.186.160,Ādaži
430,431,Meaghan,msaxbyby@imgur.com,Female,120.55.223.139,Suvorov
431,432,Hazel,hmabbebz@icio.us,Male,181.106.93.96,Taoyang
432,433,Betta,bgetchc0@google.cn,Female,136.152.70.154,Torslanda
433,434,Rosalyn,rleynhamc1@studiopress.com,Female,223.50.249.135,Młynary
434,435,Ursala,ulillimanc2@privacy.gov.au,Genderqueer,132.220.150.46,Dmytrivka
435,436,Ninnette,nzamorac3@slideshare.net,Female,126.231.147.185,Xialiao
436,437,Amberly,agrethamc4@nps.gov,Female,12.252.106.212,Kukichūō
437,438,Gabbie,gkneathc5@oracle.com,Polygender,142.243.219.25,Şabyā
438,439,Collen,chuddlestonec6@macromedia.com,Female,13.10.20.55,Sinjai
439,440,Zeke,zfranklenc7@jimdo.com,Male,232.236.207.188,Káto Nevrokópi
440,441,Venita,vkilsbyc8@cnbc.com,Female,146.79.90.9,Leeuwarden
441,442,Nicolea,nheminsleyc9@deliciousdays.com,Bigender,112.152.27.240,Béja
442,443,Ulrica,upointingca@google.co.uk,Female,222.213.203.29,Kuala Lumpur
443,444,Abraham,achubbcb@cdc.gov,Male,217.50.16.226,Svitlovods’k
444,445,Joey,jambersoncc@webs.com,Female,47.126.72.86,Zhenping Chengguanzhen
445,446,Krisha,kpragnellcd@hexun.com,Male,41.55.125.231,Figueira
446,447,Aurelie,acundictce@posterous.com,Female,252.253.116.187,Chafé
447,448,Tana,tgriegcf@istockphoto.com,Female,12.250.46.32,Quanyang
448,449,Gregorius,gfisbeycg@blogs.com,Male,64.56.8.8,Tanahbeureum
449,450,Allard,akarlssonch@time.com,Male,99.59.47.190,Niepos
450,451,Dacia,dzmitrichenkoci@usgs.gov,Female,19.252.223.85,Benhao
451,452,Flore,fdevauxcj@ucoz.ru,Female,126.102.90.49,Gaya
452,453,Jorge,jmarquetck@freewebs.com,Male,164.47.59.21,Sobinka
453,454,Nike,nfolshomcl@issuu.com,Female,220.32.69.69,Xianglan
454,455,Jessa,jpipercm@google.co.uk,Female,98.31.235.4,Santiago Vázquez
455,456,Eleanora,eingmancn@mashable.com,Female,188.29.236.145,Herne
456,457,Georgina,gguppyco@about.com,Female,105.36.60.165,Bardo
457,458,Dela,drowselcp@go.com,Genderfluid,195.10.46.51,Rosario de Mora
458,459,Olympia,oduffilcq@yahoo.com,Female,63.23.206.217,Mwense
459,460,Wilhelmina,wgregoirecr@cisco.com,Female,176.88.233.119,Bayt ‘Anān
460,461,Andras,abowcockcs@guardian.co.uk,Genderqueer,71.68.222.154,Rzgów
461,462,Winfred,warnoldict@loc.gov,Male,195.66.90.217,Rasshevatskaya
462,463,Cordie,cchatterscu@123-reg.co.uk,Male,84.93.255.184,Oslo
463,464,Barron,bverbruggecv@linkedin.com,Male,168.204.108.243,Danbury
464,465,Aguie,ajostcw@webnode.com,Male,44.244.89.109,Zarichne
465,466,Deena,djeannessoncx@china.com.cn,Female,116.106.109.223,Tsaghkaber
466,467,Hugibert,hhartnellcy@blogspot.com,Male,235.83.203.172,Momil
467,468,Jacinda,jsivellcz@nsw.gov.au,Female,2.120.45.84,Ketapang
468,469,Lauree,lpetricd0@walmart.com,Female,240.154.76.32,Lalauigan
469,470,Benton,bmeasord1@yellowbook.com,Male,216.82.211.217,Zborovice
470,471,Alina,apitcherd2@desdev.cn,Female,79.218.245.146,Gapan
471,472,Hussein,htewesd3@paginegialle.it,Male,141.177.237.21,Palestina de los Altos
472,473,Maurine,msellord4@techcrunch.com,Female,96.217.121.246,Urug
473,474,Borden,bianiellod5@nationalgeographic.com,Male,237.181.66.117,Krajan Satu
474,475,Micky,mpiend6@japanpost.jp,Male,151.112.100.55,Dengzhuang
475,476,Dehlia,dwrixond7@joomla.org,Bigender,149.46.18.98,Shangbahe
476,477,Tris,tkeened8@reddit.com,Male,80.90.243.55,Shiwan
477,478,Giulio,gkhristoforovd9@nymag.com,Male,219.188.58.219,Palos
478,479,Zared,zsenecauxda@psu.edu,Male,152.145.182.242,Goundam
479,480,Querida,qoldlanddb@meetup.com,Female,76.97.250.42,Atamanovka
480,481,Beverie,bdymottdc@goo.gl,Female,96.186.131.176,Pjanići
481,482,Tally,tkynvindd@usnews.com,Non-binary,248.183.21.14,Tours
482,483,Dione,dsibbertde@ihg.com,Female,133.127.21.161,Krajan Rowokangkung
483,484,Emalee,emeedf@qq.com,Female,70.8.243.46,Horvati
484,485,Shanna,sestcotdg@photobucket.com,Female,207.204.191.3,Pahonjean
485,486,Analiese,aelliottdh@reddit.com,Female,154.60.98.10,Liaoyang
486,487,Clay,clivingstonedi@shutterfly.com,Male,211.148.36.151,San Pedro
487,488,Ardys,awraightdj@guardian.co.uk,Genderqueer,120.51.123.31,Huangtukuang
488,489,Steffane,swaitdk@nytimes.com,Female,190.149.137.197,Komsomol’skiy
489,490,Martica,mespinhodl@msn.com,Female,235.73.27.122,Bokor
490,491,Hercules,hphettisdm@scientificamerican.com,Male,163.194.67.110,Kwikila
491,492,Gabbi,gpillifantdn@time.com,Female,9.159.66.113,Bagorejo
492,493,Tristan,tpoytresdo@marketwatch.com,Male,127.70.68.144,Rettikhovka
493,494,Jolie,jpolidp@slashdot.org,Female,158.156.142.42,Atins
494,495,Archer,abogaysdq@dyndns.org,Male,207.126.61.165,Pingshan
495,496,Samuel,sbaccupdr@php.net,Male,54.236.76.144,Wanmu
496,497,Jeanna,jcarryerds@state.tx.us,Genderfluid,210.27.64.238,Boston
497,498,Teddie,tussherdt@usa.gov,Female,187.45.23.15,Hanna
498,499,Lura,lmartensendu@economist.com,Female,194.186.180.110,Leteki
499,500,Prue,pautondv@google.ru,Female,197.248.255.243,Kayapa
500,501,Hermia,hdaiddw@amazonaws.com,Female,4.23.191.152,Kėdainiai
501,502,Boonie,bpaladinidx@arstechnica.com,Male,64.15.18.15,Melaka
502,503,Mellie,mpecholddy@bbc.co.uk,Female,156.174.125.158,Vilarinho da Castanheira
503,504,Butch,bwombwelldz@blinklist.com,Agender,255.187.99.105,Srokowo
504,505,Baxie,biddye0@4shared.com,Male,116.101.153.4,Minuwangoda
505,506,Zak,zbaldicke1@china.com.cn,Male,212.76.222.19,Fenglu
506,507,Emmaline,ejinae2@bluehost.com,Female,180.51.211.253,Mbanza-Ngungu
507,508,Tobi,tnarupe3@bbc.co.uk,Female,84.35.153.184,Zhangshui
508,509,Anastasie,aantoshine4@canalblog.com,Female,73.149.127.164,Arlington
509,510,Lisette,lpocklingtone5@trellian.com,Female,149.170.3.145,Lyubech
510,511,Angela,agaskarthe6@baidu.com,Female,157.189.55.20,Nicolet
511,512,Sidney,sbange7@businesswire.com,Male,60.142.1.95,Tuymazy
512,513,Ronalda,rcorsee8@usnews.com,Agender,24.248.205.34,Granja
513,514,Lothaire,lelpheee9@slideshare.net,Male,70.155.29.190,Picoto
514,515,Guss,gscanlinea@tinyurl.com,Male,168.99.152.190,Caucagüito
515,516,Selene,ssimonoteb@vk.com,Female,62.133.252.17,Lille
516,517,Larry,lforsdykeec@wufoo.com,Male,92.119.64.237,Boju
517,518,Henka,htreebyed@wiley.com,Female,45.161.13.76,La Paz
518,519,Bjorn,btoffettoee@rambler.ru,Male,112.136.244.142,Siemkowice
519,520,Daffy,dgaifordef@slate.com,Female,196.54.71.20,Molodohvardiys’k
520,521,Lamar,lbloxholmeg@cmu.edu,Male,14.34.17.109,Muaraenim
521,522,Cirstoforo,calesieh@disqus.com,Bigender,86.254.72.17,Saint-Louis du Nord
522,523,Duane,dlarrosaei@desdev.cn,Male,41.176.168.244,Granja do Tedo
523,524,Felic,fchomleyej@fda.gov,Polygender,146.31.163.155,Sundsvall
524,525,Dyanna,dgouldstrawek@people.com.cn,Female,93.41.10.224,Cumming
525,526,Marget,mcuzenel@npr.org,Female,29.196.96.37,Washington
526,527,Tanhya,tpeasnoneem@ustream.tv,Female,1.110.241.252,Gabahan
527,528,Marian,mbococken@nymag.com,Agender,136.234.153.165,Sypniewo
528,529,Buck,bfayeo@google.fr,Male,16.164.49.141,Dessalines
529,530,Gary,gtissellep@biglobe.ne.jp,Male,117.226.114.236,Buensuseso
530,531,Pearline,pabdieeq@mayoclinic.com,Female,165.17.229.35,Gombang
531,532,Elijah,ebradweller@timesonline.co.uk,Male,107.80.122.31,Bauru
532,533,Nat,ndelislees@addthis.com,Male,138.253.161.6,Shiraz
533,534,Prescott,pmardallet@techcrunch.com,Male,241.107.156.12,Hepu
534,535,Patrice,ppopoveu@godaddy.com,Female,35.182.174.121,Czarków
535,536,Collie,cbrahmev@boston.com,Female,39.223.66.178,Mendes
536,537,Lorna,lkellettew@house.gov,Female,104.178.111.19,Studzienice
537,538,Glyn,gkennewellex@tiny.cc,Female,67.146.89.183,Mabayo
538,539,Inigo,istokesey@hao123.com,Male,67.54.87.146,Nazca
539,540,Mord,mkillinerez@yellowbook.com,Male,135.187.108.224,Xingxi
540,541,Julio,jwillmettsf0@cisco.com,Male,120.136.212.234,Fort Dauphin
541,542,Hedy,hewensonf1@feedburner.com,Female,36.238.254.196,Kuafeu
542,543,Skell,sbreesef2@spotify.com,Male,114.153.121.254,Thị Trấn Ngọc Lặc
543,544,Lida,llearmouthf3@ezinearticles.com,Female,16.209.70.221,Shijiazhuang
544,545,Lauri,lthornewillf4@addthis.com,Female,242.213.109.165,Shënmëri
545,546,Jilleen,jcullingtonf5@bing.com,Female,83.33.65.198,Hova
546,547,Lulita,lduesberryf6@mapy.cz,Female,85.156.118.37,Xinning
547,548,Pamella,pbeglinf7@epa.gov,Female,218.202.74.238,Dingqiao
548,549,Windham,wcurlisf8@icq.com,Male,169.192.215.246,Vabalninkas
549,550,Patric,prickwoodf9@altervista.org,Male,220.144.86.65,Šabac
550,551,Rania,rsyfaxfa@slate.com,Female,82.46.56.65,Cieplice Śląskie Zdrój
551,552,Marje,moleszkiewiczfb@discovery.com,Female,252.65.156.182,Haoguantun
552,553,Wilbert,wlearnedfc@sciencedirect.com,Male,146.1.122.22,Bené Beraq
553,554,Sallie,slaethamfd@columbia.edu,Female,60.68.49.14,Palmeira
554,555,Whitman,wblakslandfe@yolasite.com,Male,188.116.54.161,Navotas
555,556,Leah,lmatoshinff@studiopress.com,Female,43.112.94.173,Toronto
556,557,Donavon,dwebermannfg@xing.com,Male,61.7.150.165,Soure
557,558,Angelique,apicktonfh@amazon.de,Female,229.229.38.107,Bengga
558,559,Michele,mfollitfi@pagesperso-orange.fr,Female,251.186.87.194,Bromma
559,560,Mahmoud,mgostickfj@delicious.com,Male,88.144.15.174,Arrufó
560,561,Dyann,dgwylltfk@dyndns.org,Female,219.211.141.50,Shiniu
561,562,Brandtr,bvolantefl@ucsd.edu,Male,97.46.241.211,Siqu
562,563,Albertine,acushellyfm@delicious.com,Female,165.207.174.241,Ambelón
563,564,Obed,olettsomfn@mapquest.com,Male,126.139.125.76,Vessada
564,565,Marj,mduckfo@opera.com,Female,98.68.144.253,Jishi
565,566,Amabelle,amathetfp@bbc.co.uk,Female,215.168.93.147,San Narciso
566,567,Yoko,yjessoppfq@abc.net.au,Female,155.4.183.169,Gapluk
567,568,Imogene,istollifr@fda.gov,Female,40.231.215.69,Tangdong
568,569,Harold,hismeadfs@tumblr.com,Male,35.145.5.143,Sanana
569,570,Meg,mplessingft@fotki.com,Female,220.131.210.92,Loma Alta
570,571,Roland,rsainesfu@wikia.com,Male,23.13.170.185,Shimodate
571,572,Henri,hfelcefv@nydailynews.com,Male,146.83.248.125,Santulhão
572,573,Karel,kfehnerfw@wikimedia.org,Agender,80.63.61.231,Oslo
573,574,Cristionna,cbelwardfx@comsenz.com,Female,223.192.121.183,Brka
574,575,Arabel,apaolillofy@ox.ac.uk,Female,124.212.237.68,Voskehask
575,576,Waly,wolkowiczfz@ftc.gov,Female,102.125.86.169,Wangong
576,577,Derrick,dsummerbellg0@barnesandnoble.com,Male,40.210.91.121,Bahía Honda
577,578,Athena,acrossang1@hostgator.com,Female,115.52.85.40,Foúrnoi
578,579,Franciska,ffibbensg2@youku.com,Female,186.84.58.144,Klatakan
579,580,Thaine,tgodlemang3@toplist.cz,Male,51.239.102.254,Xinhua
580,581,Dicky,ddreinig4@etsy.com,Male,52.51.66.215,Illela
581,582,Bondon,bballingerg5@flavors.me,Male,103.193.183.77,Castlerea
582,583,Consuela,ccrowleyg6@github.io,Female,145.76.157.57,Pejibaye
583,584,Jennilee,jtwinberrowg7@columbia.edu,Female,40.215.130.251,Liushikou
584,585,Marlene,mlindgreng8@blogtalkradio.com,Female,128.201.228.254,Camocim
585,586,Tove,ttroyg9@mashable.com,Female,24.211.136.34,Hanchang
586,587,Binky,bcrawforthga@accuweather.com,Male,44.170.18.76,Camperdown
587,588,Lezley,lheakegb@rediff.com,Male,183.140.62.23,Xiangfu
588,589,Melisande,mhuguesgc@wordpress.com,Genderqueer,117.209.173.31,Steinkjer
589,590,Vivianna,vkrolikgd@1und1.de,Female,25.121.179.202,London
590,591,Jarrad,jbyrdge@youtu.be,Male,228.214.120.37,Begowāla
591,592,Dionisio,dodogf@tripod.com,Male,5.81.200.92,Teberda
592,593,Sergei,saslengg@hp.com,Male,189.133.102.103,Sumberejo
593,594,Othilia,ofrantzgh@newyorker.com,Female,216.32.93.48,Cinyasag
594,595,Charmain,cebbettgi@nsw.gov.au,Female,248.45.34.248,Deqing
595,596,Garald,gsainsberrygj@comsenz.com,Male,115.122.37.170,Volodars’k-Volyns’kyy
596,597,Billie,bnunnsgk@ftc.gov,Female,148.201.215.248,Solikamsk
597,598,Theresa,tjannaschgl@blogspot.com,Female,100.100.110.226,Gangkoujie
598,599,Irwin,irawlsgm@unblog.fr,Male,116.188.24.143,Boden
599,600,Isa,ihardsongn@amazon.co.jp,Male,46.168.98.35,Gabao
600,601,Wallie,wbecarisgo@cdc.gov,Female,159.128.229.168,Williamsfield
601,602,Mellicent,mrickardgp@xrea.com,Female,231.253.167.245,Przybyszówka
602,603,Sonnnie,stripletgq@sitemeter.com,Female,69.207.169.221,Dahua
603,604,Martie,mprinettgr@hubpages.com,Male,162.165.151.197,Fakaifou Village
604,605,Elyn,ewisbeygs@go.com,Female,110.219.137.113,Patenongan
605,606,Hadley,hginnellgt@nih.gov,Bigender,131.55.255.100,Panitian
606,607,Sallyanne,sashpitalgu@diigo.com,Female,233.201.181.179,Tegalgede
607,608,Lonnie,ldeclercgv@reverbnation.com,Male,210.227.70.181,Ghāro
608,609,Norbert,nloosleygw@buzzfeed.com,Male,136.12.241.44,Oefau
609,610,Elsi,etangyegx@bizjournals.com,Female,195.171.83.99,Meneou
610,611,Gabie,glouysgy@vimeo.com,Female,240.210.194.75,Guanta
611,612,Meriel,marletgz@homestead.com,Female,170.213.15.208,La Sebala du Mornag
612,613,Rachael,rdashkovh0@toplist.cz,Female,28.45.70.29,Sanlei
613,614,Lelah,lkunischh1@fema.gov,Female,90.75.105.27,Guanshan
614,615,Halli,hloneyh2@discovery.com,Female,82.137.46.33,Los Cedrales
615,616,Mace,mstricklandh3@baidu.com,Male,109.221.147.149,Rožna Dolina
616,617,Ike,icornboroughh4@about.me,Male,231.59.87.111,Niigata-shi
617,618,Alexandra,atwitchetth5@example.com,Female,68.3.37.123,Biscucuy
618,619,Grantham,gwhilderh6@smh.com.au,Male,125.43.167.211,Bosanski Brod
619,620,Edith,ebunyanh7@lycos.com,Genderqueer,121.199.119.6,Daigo
620,621,Isador,iedwickeh8@nymag.com,Male,190.77.111.165,Héroumbili
621,622,Griselda,gfinnimoreh9@census.gov,Female,7.97.203.94,Shnogh
622,623,Cori,cpedrozziha@dot.gov,Male,127.49.255.5,Nahiyat Ghammas
623,624,Sondra,skestlehb@prlog.org,Female,159.197.149.137,Linfen
624,625,Ariel,ashiershc@acquirethisname.com,Female,225.209.173.149,Zhenlai
625,626,Ira,istandrinhd@bloglovin.com,Polygender,148.92.158.92,Tirana
626,627,Karlis,kbenedictehe@ustream.tv,Male,21.226.158.135,Paizhou
627,628,Rhett,rsleighthf@bizjournals.com,Male,83.69.118.96,Girona
628,629,Juliet,jlowniehg@indiatimes.com,Female,28.195.241.96,Beaconsfield
629,630,Giulietta,gstariehh@sphinn.com,Genderqueer,36.3.242.206,Kafr Thulth
630,631,Pearl,pmereweatherhi@usda.gov,Genderqueer,79.187.102.255,Hrob
631,632,Guss,glestrangehj@google.co.jp,Male,215.120.140.157,Lesnoy
632,633,Sandi,scraythornehk@wikimedia.org,Polygender,195.105.71.103,Montpellier
633,634,Bord,bmarlenhl@ihg.com,Male,117.198.142.251,Lanyi
634,635,Chucho,ckindreadhm@newsvine.com,Male,122.165.109.164,Ronneby
635,636,Maureen,mcannicotthn@cocolog-nifty.com,Female,191.93.53.68,Grębów
636,637,Francine,ffloresho@wordpress.com,Female,83.205.18.48,Diekirch
637,638,Joel,jlambillionhp@discovery.com,Male,153.115.138.116,Sandaoba
638,639,Sully,swolfingerhq@biglobe.ne.jp,Male,209.182.199.217,Seattle
639,640,Tamiko,tcoonanhr@typepad.com,Female,10.164.37.95,Orlando
640,641,Katleen,kbakerhs@cloudflare.com,Female,48.119.246.2,Dengteke
641,642,Orella,ocrayht@earthlink.net,Female,24.64.166.242,Simpang
642,643,Babara,bhaxellhu@facebook.com,Female,134.69.12.135,Hezhang
643,644,Annabel,alanghornehv@infoseek.co.jp,Non-binary,6.189.18.184,Moro
644,645,Dexter,dramsbothamhw@accuweather.com,Male,85.72.14.154,Lammi
645,646,Jesus,jtribehx@wikispaces.com,Male,10.33.200.114,Dos Hermanas
646,647,Fanechka,fdevaanhy@blog.com,Female,132.111.172.65,Hroznětín
647,648,Aggy,ataylorsonhz@is.gd,Female,114.51.248.25,Södra Sandby
648,649,Cicely,cgaskinsi0@huffingtonpost.com,Female,175.27.54.45,Semongkat
649,650,Erie,epagei1@g.co,Male,127.35.113.94,Port Maria
650,651,Jory,jannetsi2@reddit.com,Male,24.229.171.39,Sawaengha
651,652,Terry,tdoumerquei3@timesonline.co.uk,Female,182.200.117.43,Shouchang
652,653,Rosa,rhoundesomei4@accuweather.com,Female,105.173.231.248,Piracanjuba
653,654,Berti,bjandeli5@1688.com,Male,140.210.7.80,Monte Novo
654,655,Bell,bmustooi6@constantcontact.com,Female,253.5.217.148,Mariatana
655,656,Eloise,ebotei7@t-online.de,Female,11.63.218.206,Sukasenang
656,657,Ferguson,fmarrowi8@ocn.ne.jp,Male,249.77.229.216,Petaling Jaya
657,658,Georgine,gpoulsumi9@t-online.de,Female,138.128.77.27,Tamanar
658,659,Candi,ctargetteria@123-reg.co.uk,Female,127.224.60.214,Brunssum
659,660,Cyril,ctoyneib@microsoft.com,Male,34.43.149.49,Port Sudan
660,661,Ernesta,ecloveric@desdev.cn,Female,235.64.153.124,Seogeom-ri
661,662,Carley,czorziid@nationalgeographic.com,Female,112.222.4.251,Gojō
662,663,Pat,pbuskie@fema.gov,Female,158.112.17.187,Álftanes
663,664,Lammond,lmaccarterif@mayoclinic.com,Male,211.240.144.45,Bous
664,665,Wilbert,wsinnattig@zimbio.com,Male,196.106.35.91,Murça
665,666,Leonard,lwhorallih@sciencedaily.com,Polygender,110.105.224.32,Bordeaux
666,667,Hort,hpugsleyii@miitbeian.gov.cn,Male,23.20.184.89,Saladas
667,668,Boothe,bocaineij@narod.ru,Male,13.121.2.77,Changsha
668,669,Terra,tmeysik@wiley.com,Female,231.95.141.95,Moss
669,670,Hurley,hcockingil@engadget.com,Male,254.110.199.169,Caazapá
670,671,Maison,mpinelim@adobe.com,Male,137.205.145.225,Kilkenny
671,672,Devondra,dcraufordin@army.mil,Female,230.22.26.55,Pamyat’ Parizhskoy Kommuny
672,673,Carly,cpigneio@cargocollective.com,Female,232.160.175.146,Goght’
673,674,Gus,gjohnip@networkadvertising.org,Male,133.21.171.235,Vinica
674,675,Clarinda,cgassoniq@census.gov,Female,214.60.214.146,Guilmaro
675,676,Morgan,mchezierir@is.gd,Female,172.249.175.177,Beipai
676,677,Arron,apykettis@chicagotribune.com,Male,22.1.31.101,Ya’ergenchu
677,678,Allistir,acridlanit@businessweek.com,Male,126.141.9.89,Jawl al Majma‘
678,679,Ailis,amckieiu@marketwatch.com,Female,136.113.40.216,Barreiro
679,680,Cissy,canandiv@squarespace.com,Female,92.130.118.136,Caleufú
680,681,Kurt,ksugariw@hatena.ne.jp,Male,221.168.116.247,Ryazanskiy
681,682,Agnesse,aplampinix@wikispaces.com,Female,251.64.56.188,Runan
682,683,Moe,mgourlayiy@sina.com.cn,Male,201.165.216.132,Sennoy
683,684,Bronnie,bmccarrelliz@goo.ne.jp,Male,142.112.9.220,Hekou
684,685,Ricoriki,rjosifovicj0@usda.gov,Bigender,109.13.190.188,Tabunok
685,686,Brooks,bscothornj1@guardian.co.uk,Female,57.56.185.61,Tabor
686,687,Larisa,ldorantj2@washingtonpost.com,Female,24.225.122.249,Lapu-Lapu City
687,688,Trina,tklischj3@census.gov,Female,0.191.51.181,Chiara
688,689,Olenolin,otrosdallj4@sakura.ne.jp,Male,149.71.84.58,El Rincón
689,690,Olav,onormanvillj5@imdb.com,Male,66.194.213.52,Hanover
690,691,Libbey,lmatveikoj6@admin.ch,Female,155.86.142.25,Xixiang
691,692,Guglielmo,gbartolijnj7@skyrock.com,Male,112.39.235.162,Zhosaly
692,693,Darice,dkeenanj8@cdc.gov,Genderfluid,21.64.24.51,Bieligutai
693,694,Gerhardt,gisoldij9@oracle.com,Male,200.75.182.123,Hrib-Loški Potok
694,695,Mitchel,mnisbetja@taobao.com,Male,171.41.88.19,Tasovčići
695,696,Augustus,abinleyjb@skyrock.com,Male,153.66.32.247,Xingguo
696,697,Gertrude,gtrimbeyjc@ycombinator.com,Female,49.12.33.109,Yujiao
697,698,Fidelio,fstarejd@statcounter.com,Male,179.37.149.0,Spas-Zaulok
698,699,Korney,kmckeggieje@guardian.co.uk,Female,199.212.204.233,Ríohacha
699,700,Erna,esnaddenjf@bizjournals.com,Female,196.41.8.94,Särevere
700,701,Chanda,cfinnanjg@tamu.edu,Female,75.83.122.247,Terong
701,702,Dolf,dcolliberjh@craigslist.org,Male,96.124.174.27,Liuji
702,703,Tony,tcasterouji@livejournal.com,Female,250.23.80.196,Cubará
703,704,Shannon,sdenholmjj@github.com,Male,74.168.164.130,Pak Kret
704,705,Ronalda,rgreenroajk@wsj.com,Female,129.24.15.135,Toyoshina
705,706,Alicia,apollastronejl@va.gov,Female,169.171.251.230,Bulri
706,707,Shell,snussjm@hostgator.com,Male,3.42.57.226,Bang Yai
707,708,Emlyn,evallackjn@csmonitor.com,Female,81.143.130.97,Santo Amaro
708,709,Catha,cbroughjo@yahoo.co.jp,Female,17.125.73.252,Isla Verde
709,710,Demetri,dblantjp@nature.com,Male,115.154.58.66,Sharīfābād
710,711,Amara,agiberdjq@imageshack.us,Female,208.113.32.216,Yelets
711,712,Linzy,lbrackenjr@bravesites.com,Female,100.16.39.145,Zuolan
712,713,Odella,olanfearjs@delicious.com,Female,147.19.73.126,Inhambupe
713,714,Benjamen,bcallabyjt@hp.com,Male,111.97.101.204,Harjavalta
714,715,Josie,jyterju@php.net,Female,76.65.69.236,Barão de Cocais
715,716,Mel,marbonjv@accuweather.com,Genderqueer,96.24.238.111,Sua
716,717,Jon,jbarrsjw@taobao.com,Agender,64.44.161.21,Dalakovo
717,718,Neill,nbeckettjx@europa.eu,Male,31.54.226.220,Póvoa
718,719,Nichols,nlequeuxjy@shutterfly.com,Agender,57.34.123.160,Polkowice
719,720,Kristofer,kflockhartjz@lulu.com,Male,29.136.144.137,Waterloo
720,721,Norean,nolonek0@umn.edu,Female,61.173.207.170,Sho’rchi
721,722,Logan,lgiannazzok1@hud.gov,Male,34.192.101.139,Rancageneng Satu
722,723,North,nvigoursk2@twitter.com,Male,247.98.9.151,Mjölby
723,724,Werner,wwalbridgek3@topsy.com,Male,81.169.172.212,Lubichowo
724,725,Lorilyn,llustyk4@ycombinator.com,Female,210.216.43.28,Santo Antônio de Jesus
725,726,Noll,nroundtreek5@kickstarter.com,Male,75.139.253.222,Tierralta
726,727,Evelin,ebirtwhistlek6@nationalgeographic.com,Male,88.206.220.82,As Sawdā
727,728,Hyacinthia,hmartek7@globo.com,Female,112.60.213.249,Linhares
728,729,Fayette,fsimonatok8@lycos.com,Female,81.211.67.183,Hendaye
729,730,Brew,bphilippsonk9@illinois.edu,Male,249.229.187.131,Xichuan
730,731,Norma,nsivesska@reuters.com,Genderqueer,243.168.8.220,Sabanalarga
731,732,Dara,ddombrellkb@youtu.be,Female,221.104.5.51,Tvøroyri
732,733,Tedra,tbuxeykc@nhs.uk,Female,110.45.166.114,Białogard
733,734,Gabrielle,ggillattkd@pinterest.com,Female,247.228.156.187,Daming
734,735,Sadella,skopferke@so-net.ne.jp,Female,87.244.40.107,Vila Alva
735,736,Thorsten,thardykf@deliciousdays.com,Male,122.97.35.85,Karaidel’
736,737,Marie-ann,mkamallkg@mediafire.com,Female,15.78.37.208,Litan
737,738,Manfred,mredingkh@nature.com,Male,203.125.80.158,Gunung Talang
738,739,Jose,jsnelki@newsvine.com,Bigender,41.6.54.238,Ouricuri
739,740,Eb,efoykj@pinterest.com,Male,23.165.223.226,Heshan
740,741,Fowler,fhutchcraftkk@wufoo.com,Male,100.156.247.136,Legionowo
741,742,Jerrold,jwarmingtonkl@netscape.com,Male,230.64.245.255,Slavgorod
742,743,Marylou,mmaniskm@163.com,Female,229.248.140.22,Anding
743,744,Amalia,amerrinkn@wp.com,Female,81.42.247.49,Nytva
744,745,Winni,wmeyrickko@themeforest.net,Female,233.24.210.142,Joaquín V. González
745,746,Tomasina,trussokp@hhs.gov,Female,169.50.27.125,Yixin
746,747,Kariotta,kcasettikq@accuweather.com,Female,6.123.129.156,Vienne
747,748,Matthew,mstraceykr@technorati.com,Male,139.18.2.207,Hegarmanah
748,749,Astrix,ateggartks@cyberchimps.com,Female,39.129.6.173,Mauá
749,750,Brunhilde,blamberthkt@unicef.org,Genderfluid,203.146.158.157,Codoi
750,751,Aluin,aclintku@buzzfeed.com,Male,140.222.198.199,Terneuzen
751,752,Norbie,nsurteeskv@mac.com,Male,85.138.37.170,Ayolas
752,753,Worthington,wsanciaskw@example.com,Male,19.95.200.3,Caramuca
753,754,Solly,streecekx@vimeo.com,Male,160.26.165.140,Uliastay
754,755,Maurise,mshippamky@howstuffworks.com,Male,57.229.58.203,Felege Neway
755,756,Misha,mvannonikz@hud.gov,Female,251.214.247.255,Paracambi
756,757,Currey,cgirardinl0@nymag.com,Male,218.73.245.109,Shupenzë
757,758,Dollie,dbetonl1@instagram.com,Female,188.233.42.66,Trzemeszno
758,759,Mord,mcleenl2@ox.ac.uk,Agender,14.210.50.13,Dongjin
759,760,Gwenore,gwibrewl3@omniture.com,Female,109.26.86.120,Rungis
760,761,Natty,nkinchleal4@mlb.com,Male,33.117.238.54,Umeå
761,762,Currie,ccogdelll5@51.la,Male,245.241.52.14,Piteå
762,763,Marlowe,mpimmockel6@techcrunch.com,Male,101.158.144.115,Qingshui
763,764,Tamiko,tvyell7@vkontakte.ru,Female,1.16.80.99,Aswan
764,765,Hollyanne,hmielnikl8@blogspot.com,Female,214.94.215.55,Kirkland
765,766,Kim,kbackshalll9@surveymonkey.com,Male,149.233.152.225,Baiquan
766,767,Samson,soldroydla@google.com,Male,85.245.94.71,Gongjiang
767,768,Cindie,cdavidovitzlb@mayoclinic.com,Female,166.160.149.43,Ta’erqi
768,769,Spenser,sarkowlc@baidu.com,Male,16.221.239.132,Zhoujiadian
769,770,Vania,vtuckwoodld@a8.net,Female,199.83.101.154,Narathiwat
770,771,Franky,fdranle@desdev.cn,Female,198.144.157.224,Bobigny
771,772,Jecho,jchanninglf@sakura.ne.jp,Male,153.191.60.101,Huzhen
772,773,Everett,egoalleylg@sohu.com,Male,131.247.187.13,Jaruco
773,774,Addy,aperigeauxlh@plala.or.jp,Male,95.129.92.1,Sanhe
774,775,Zulema,zvongladbachli@tuttocitta.it,Female,39.70.195.129,Kirkkonummi
775,776,Creight,cshakespearelj@jigsy.com,Male,18.60.165.226,Vila Franca do Campo
776,777,Mitchael,mgaginlk@intel.com,Male,230.130.76.18,Lençóis Paulista
777,778,Mitchael,mgammonll@google.fr,Male,55.157.178.92,Béziers
778,779,Boycie,bmowdaylm@cam.ac.uk,Male,95.52.44.47,Shizi
779,780,Emlyn,emarmionln@epa.gov,Female,108.57.163.222,Mishan
780,781,Yanaton,yrexlo@barnesandnoble.com,Male,156.199.106.109,Inderka
781,782,Colby,ccarpmilelp@usa.gov,Male,108.193.56.245,Kokaj
782,783,Betsey,bpippinlq@dyndns.org,Female,67.222.248.151,Chełmża
783,784,Rex,rstarkielr@yale.edu,Male,110.231.167.131,Vila Fria
784,785,Abeu,amourbeyls@geocities.com,Male,128.70.104.68,Betong
785,786,Rockie,rbrimilcombelt@go.com,Male,54.78.67.136,Rawa Mazowiecka
786,787,Mitchell,mmathiassenlu@marketwatch.com,Male,70.34.47.60,Gangu Chengguanzhen
787,788,Caitlin,cbispolv@livejournal.com,Female,222.84.85.254,Radnice
788,789,Lorrie,lcounihanlw@t.co,Female,65.19.251.242,Bengubelan
789,790,Delphine,dpeyelx@purevolume.com,Female,51.108.40.44,Tiaong
790,791,Dede,dlinnely@barnesandnoble.com,Female,148.4.166.155,Dabai
791,792,Bentley,bmascalllz@forbes.com,Male,255.71.150.253,Cincinnati
792,793,Isidoro,ibraamm0@about.com,Male,49.241.78.65,Huanshan
793,794,Koo,kmullinm1@networksolutions.com,Female,119.21.223.14,Zhukeng
794,795,Raimund,rrishmanm2@fema.gov,Male,3.140.43.195,Nong Don
795,796,Jeromy,jgliddonm3@xrea.com,Male,247.146.174.93,Ugbokpo
796,797,Spence,soxtebym4@wufoo.com,Male,239.242.55.124,Bugko
797,798,Bear,bdenisovom5@purevolume.com,Male,58.154.37.87,Chaeryŏng-ŭp
798,799,Bo,bbrimmicombem6@nationalgeographic.com,Polygender,26.183.249.244,Xinquan
799,800,Owen,ofulopm7@abc.net.au,Male,3.201.238.154,Oktyabr’sk
800,801,Myrtle,mmccritichiem8@nyu.edu,Female,104.240.136.229,K’olīto
801,802,Tammie,tgoldspinkm9@unicef.org,Genderfluid,91.109.136.116,Pará de Minas
802,803,Eldredge,ekaresma@mashable.com,Male,73.156.196.172,Toamasina
803,804,Daphene,dgariochmb@npr.org,Female,19.52.1.165,New Shagunnu
804,805,Vaughan,vbissetmc@apache.org,Male,3.42.180.20,Rennes
805,806,Talbert,tdakhovmd@bloglovin.com,Polygender,75.2.158.90,Tambaksari
806,807,Michelle,mbenyanme@pagesperso-orange.fr,Female,133.254.244.152,Ovruch
807,808,Ugo,uwerendellmf@squarespace.com,Male,159.123.210.145,Ścinawa
808,809,Ase,alainmg@google.com.br,Male,157.109.142.4,Chantilly
809,810,Kennie,ksymmersmh@cyberchimps.com,Male,220.170.190.150,Ronneby
810,811,Marwin,mdowmi@irs.gov,Male,53.233.241.88,Hudlice
811,812,Ethyl,eochterlonymj@nyu.edu,Female,156.218.179.80,Güiria
812,813,Shanie,shaldenmk@edublogs.org,Female,225.140.96.207,Dagupan
813,814,Dunn,dcurnokkml@behance.net,Male,69.26.242.255,Ishkhoy-Yurt
814,815,Cleopatra,cplumbmm@miibeian.gov.cn,Female,29.184.68.19,Faleula
815,816,Zechariah,zseidemn@deliciousdays.com,Male,192.19.183.142,Grzechynia
816,817,Ajay,abealesmo@ehow.com,Female,145.36.91.236,Nueva Gorgona
817,818,Fairleigh,fouthwaitemp@samsung.com,Male,20.16.211.185,Wenquan
818,819,Linus,ljacmardmq@cnn.com,Male,93.48.126.33,Kotli Lohārān
819,820,Dalton,dpitwaymr@themeforest.net,Male,232.200.171.113,Nowogard
820,821,Hobard,htackms@mlb.com,Male,168.237.48.209,Boujniba
821,822,Torrin,taspraymt@bloglines.com,Male,28.168.37.88,Czarne
822,823,Dion,dblitzermu@com.com,Male,73.216.181.115,Shihudang
823,824,Darbie,ddooremv@artisteer.com,Female,41.238.83.242,Djounie
824,825,Halsy,hlittlejohnsmw@addtoany.com,Male,89.143.199.233,Ćićevac
825,826,Wenda,wcuxsonmx@instagram.com,Female,46.29.99.84,Jaru
826,827,Jozef,jmoseleymy@issuu.com,Male,36.157.45.218,Lipnik
827,828,Stella,sschustmz@paginegialle.it,Non-binary,165.201.74.67,Gongxi
828,829,Brady,bbulliventn0@vistaprint.com,Male,72.46.251.120,Lalupon
829,830,Neddie,nstaggn1@europa.eu,Male,32.63.12.116,Neya
830,831,Marillin,mrodolicon2@toplist.cz,Female,132.37.232.58,Luxor
831,832,Frederico,fbanburyn3@npr.org,Male,169.27.196.211,Huangtu
832,833,Maribeth,mnaseyn4@dailymail.co.uk,Female,209.214.145.232,Marinha
833,834,Penelopa,pircen5@alexa.com,Female,116.239.13.178,Kyparissía
834,835,Kelsy,kgillown6@symantec.com,Female,5.243.38.85,Sang-e Chārak
835,836,Dedie,dmuffettn7@statcounter.com,Female,104.62.103.92,Arthur’s Town
836,837,Dorothea,dleningn8@si.edu,Female,242.253.242.191,Asino
837,838,Marissa,msabinen9@huffingtonpost.com,Female,144.154.176.118,Songgai
838,839,Forbes,fbramhillna@desdev.cn,Male,71.81.49.61,Lazaro Cardenas
839,840,Kym,kaindriunb@joomla.org,Female,126.189.135.32,Miharu
840,841,Kirsteni,ksimenotnc@blinklist.com,Female,174.221.182.95,Xinsheng
841,842,Payton,pelderfieldnd@about.com,Male,61.0.140.145,Ai Tu
842,843,Mellie,mbattyne@networkadvertising.org,Bigender,111.105.106.55,Jacksonville
843,844,Benita,bszwarcnf@freewebs.com,Female,130.2.114.203,Ningxi
844,845,Sawyer,sbraniffng@geocities.com,Male,56.71.95.145,Cikaludan
845,846,Veronique,vmcardellnh@cyberchimps.com,Female,167.68.195.237,Enschede
846,847,Suzanne,spicardni@facebook.com,Agender,80.86.225.32,Puncakwangi
847,848,Silvan,sputtonnj@sakura.ne.jp,Male,214.166.73.49,Takefu
848,849,Tabor,tjerrednk@wordpress.com,Male,128.89.118.173,El Caño
849,850,Darin,dcastagnonl@amazonaws.com,Male,229.36.199.252,Washington
850,851,Maxy,mmormannm@tamu.edu,Male,168.78.19.139,Hekou
851,852,Trevar,tgagernn@phoca.cz,Male,115.6.223.202,Orong
852,853,Cheston,creefno@arstechnica.com,Male,141.240.229.123,Kanggye-si
853,854,Faye,fobellnp@reference.com,Female,78.56.25.53,Marseille
854,855,Marquita,mmanvellnq@nba.com,Agender,210.66.42.62,Tambakmerak
855,856,Debbie,djoinernr@is.gd,Female,251.29.255.206,Atawutung
856,857,Brear,bmutimerns@europa.eu,Female,228.181.124.195,Kālia
857,858,Salem,ssoutherdennt@digg.com,Male,208.149.26.252,Ruda Śląska
858,859,Germayne,gcolhounnu@sourceforge.net,Male,213.143.207.65,20 de Noviembre
859,860,Sid,scandeynv@ifeng.com,Male,133.197.39.43,Osiek nad Notecią
860,861,Bradley,bcarlosnw@irs.gov,Male,251.233.33.8,Zhoujia
861,862,Gregorius,gkaisernx@imgur.com,Male,74.92.124.190,Shardara
862,863,Phebe,porwinny@mapy.cz,Female,1.173.129.65,Mekarsari
863,864,Blisse,bhabornnz@constantcontact.com,Female,27.140.185.187,Vol’no-Nadezhdinskoye
864,865,Jonathan,jjaulmeo0@thetimes.co.uk,Male,233.214.27.117,Dagar
865,866,Tadeo,tkerfooto1@newsvine.com,Male,205.103.90.115,Beaumont
866,867,Kermit,kbeadleo2@nifty.com,Male,59.147.147.61,Minyue
867,868,Cathi,crubartellio3@over-blog.com,Female,41.5.212.18,Uścimów Stary
868,869,Aindrea,ahephero4@archive.org,Female,47.182.91.146,Kragujevac
869,870,Mallorie,mchipperfieldo5@yelp.com,Female,214.73.179.183,Troitskoye
870,871,Ashia,alangricko6@harvard.edu,Female,0.88.116.73,Putrajaya
871,872,Thibaud,tcrisello7@weibo.com,Male,146.180.149.110,Yayao
872,873,Cobb,cchaperlingo8@posterous.com,Male,83.43.73.22,Dayr Dibwān
873,874,Leda,lwankao9@linkedin.com,Female,127.118.133.116,Tsivil’sk
874,875,Ilise,ifryettoa@issuu.com,Female,28.53.251.206,Sơn Tịnh
875,876,Glynn,gclifftob@wisc.edu,Male,188.65.180.116,Chiclayo
876,877,Case,ctrewhelaoc@bloglovin.com,Male,0.202.75.153,Alenquer
877,878,Coop,cboswardod@csmonitor.com,Male,247.123.255.182,Inawashiro
878,879,Ezequiel,epresmanoe@nationalgeographic.com,Male,238.56.253.227,Vangaindrano
879,880,Boone,bworganof@wufoo.com,Male,181.124.226.99,Sacramento
880,881,Benjy,bollertonog@topsy.com,Male,31.164.245.215,Chadi
881,882,Thomasine,tduckeroh@studiopress.com,Female,44.10.85.49,Halat
882,883,Dredi,dvasilischevoi@posterous.com,Female,129.239.25.54,Begejci
883,884,Lowe,ltroutoj@networksolutions.com,Male,196.15.108.52,Olbramovice
884,885,Shea,sdelosok@washington.edu,Male,143.158.18.8,Awsīm
885,886,Emanuel,esivilol@dion.ne.jp,Male,239.102.150.28,Criciúma
886,887,Dora,drushsorthom@tiny.cc,Female,213.128.43.158,Rauma
887,888,Isabelle,ibaughanon@51.la,Female,168.59.107.50,Mġarr
888,889,Etti,egibbenoo@discovery.com,Female,19.196.58.109,Ban Muang
889,890,Minnie,mhatcherop@boston.com,Female,45.67.60.34,Chepo
890,891,Upton,ulukinsoq@nyu.edu,Agender,196.217.177.152,Saratov
891,892,Eldridge,eesslemontor@last.fm,Male,44.192.124.87,Boluo
892,893,Granthem,ghacunos@squarespace.com,Male,161.178.53.219,Mbalmayo
893,894,Dehlia,dgimbletot@examiner.com,Female,90.168.59.245,Santo Anastácio
894,895,Giff,gpagelsenou@berkeley.edu,Non-binary,62.165.171.29,Kolympári
895,896,Sheri,scastagnoov@psu.edu,Female,101.90.117.145,Dallas
896,897,Lamond,lraggittow@devhub.com,Male,185.195.138.198,Akron
897,898,Ossie,omcbethox@jiathis.com,Male,88.40.45.131,Kedungsumurkrajan
898,899,Quillan,qedseroy@skyrock.com,Male,235.215.10.165,Semirara
899,900,Calley,clinfordoz@cnet.com,Female,140.54.222.199,Changsu
900,901,Jolene,jjaymep0@blog.com,Female,210.196.71.151,Comrat
901,902,Perry,podreainp1@google.com.br,Female,142.97.189.47,Pakis
902,903,Valaree,vtolussip2@ucla.edu,Female,10.238.231.227,Yarmolyntsi
903,904,Gideon,gbaffp3@macromedia.com,Male,87.210.103.126,Le Mans
904,905,Clair,cpostancep4@1688.com,Female,127.26.113.51,Zākhū
905,906,Susan,shissettp5@wix.com,Polygender,40.81.141.88,Bulualto
906,907,Waring,wbaertp6@last.fm,Male,132.167.32.185,Potęgowo
907,908,Annabell,akuhntp7@utexas.edu,Female,67.116.141.211,Guder
908,909,Johny,jmasseop8@house.gov,Male,149.160.149.47,Lubao
909,910,Margy,mbryanp9@lycos.com,Female,72.120.241.101,Motala
910,911,Hew,hstuehmeierpa@ted.com,Male,70.231.210.213,Lokea
911,912,Rolland,rcommanderpb@pagesperso-orange.fr,Male,128.195.130.116,Catalão
912,913,Anna-diane,ademeadpc@forbes.com,Female,161.170.198.46,San Vicente Centenario
913,914,Noelyn,ndohmspd@youtu.be,Female,212.107.156.152,Wonosari
914,915,Shaine,sfaradype@nba.com,Female,231.50.236.24,Tsákoi
915,916,Jennica,jkingpf@instagram.com,Female,197.52.189.226,Sobreda
916,917,Tanney,twinpennypg@360.cn,Male,153.36.152.160,Bački Breg
917,918,Nicol,nartistph@slate.com,Female,229.63.4.190,Pinghu
918,919,Casandra,ccutajarpi@newsvine.com,Female,21.34.241.166,Kota Kinabalu
919,920,Shanan,smacduffpj@tiny.cc,Male,89.145.65.97,Yunxi
920,921,Harper,htroypk@businessweek.com,Male,163.180.228.125,Pop
921,922,Kassi,khackingepl@slashdot.org,Female,75.253.28.78,Dukhovnitskoye
922,923,Holli,hhaskettpm@over-blog.com,Female,112.74.213.44,Candi
923,924,Colene,cadamiakpn@symantec.com,Female,19.6.28.231,Bethlehem
924,925,Felike,fnealandpo@yellowbook.com,Male,176.38.224.68,Za‘tarah
925,926,Garrett,ghellispp@biblegateway.com,Polygender,186.197.129.228,Terny
926,927,Cordi,chyamspq@arstechnica.com,Female,210.130.163.211,Zhongshan
927,928,Henrie,hsparrypr@marriott.com,Female,213.51.9.218,Donabate
928,929,Ripley,rsemmensps@sun.com,Male,56.51.92.72,Kachkanar
929,930,Christina,cannetspt@so-net.ne.jp,Polygender,85.97.153.47,Nancy
930,931,Glyn,gpetruskevichpu@opensource.org,Female,38.231.109.156,Libertad
931,932,Collin,cpykettpv@chron.com,Male,132.86.200.22,Hisings Kärra
932,933,Shelagh,smaddenpw@cpanel.net,Female,101.133.54.214,Gyangkar
933,934,Friedrick,freiachpx@blogs.com,Male,165.88.63.44,Guayabal
934,935,Peggy,pjosephsenpy@vimeo.com,Polygender,182.70.71.186,Lincha
935,936,Dorthy,dtomaszynskipz@yelp.com,Female,223.216.84.213,Qiting
936,937,Christopher,cstoodaleq0@epa.gov,Male,216.173.59.252,Aldeia
937,938,Cob,chiggenq1@exblog.jp,Male,188.217.91.81,Taiping
938,939,Ranna,rdeniscoq2@elegantthemes.com,Female,212.55.174.250,Protaras
939,940,Randy,rsauntonq3@earthlink.net,Genderfluid,251.201.59.146,Zengji
940,941,Alejandrina,agiberdq4@wp.com,Female,222.15.208.159,Huangyang
941,942,Aylmar,aandriniq5@pinterest.com,Male,196.226.211.212,Pŭrvomaytsi
942,943,Ora,omaitlandq6@sbwire.com,Female,13.152.192.149,Zhoinda
943,944,Kimmi,kbeverleyq7@cisco.com,Female,66.37.217.217,Lokuuy
944,945,Raviv,rbrufordq8@google.com.hk,Male,18.40.244.101,Međa
945,946,Ferris,fsnowdenq9@google.com.au,Male,83.187.144.253,Nehe
946,947,Frannie,fpuseyqa@adobe.com,Male,197.189.188.168,Kungsbacka
947,948,Cornelle,cmcbreartyqb@nih.gov,Female,71.108.52.92,Jiufeng
948,949,Karim,kdruhanqc@jalbum.net,Male,9.220.184.113,Kebonagung
949,950,Claudius,cwhimpqd@plala.or.jp,Male,177.42.116.155,Smokvica
950,951,Blondell,bgerhartzqe@samsung.com,Genderfluid,24.51.79.224,Krong Pi Nang
951,952,Friedrick,freilingerqf@hud.gov,Male,87.231.188.12,Juhaynah
952,953,Shelden,sambrosiniqg@toplist.cz,Genderqueer,41.18.251.86,Lagoa Santa
953,954,Silvester,shegertyqh@house.gov,Male,17.162.194.254,Zhuangta
954,955,Marylee,mwetternqi@weebly.com,Female,130.101.84.118,Lafayette
955,956,Abba,ahunsworthqj@themeforest.net,Male,131.153.158.237,Arlöv
956,957,Enrica,ebullusqk@unicef.org,Female,255.45.57.21,Yacimiento Río Turbio
957,958,Raffarty,rbarleyql@fotki.com,Male,150.118.43.235,Jishu
958,959,Minne,mcristouqm@1und1.de,Female,174.26.113.211,Xinchang
959,960,Wandie,wmatzelqn@woothemes.com,Female,130.47.64.23,‘Ayn al ‘Arab
960,961,Any,amarkwelleyqo@washington.edu,Male,33.222.241.134,Candoni
961,962,Robbie,rpinchingqp@ucla.edu,Male,8.26.111.114,Valdivia
962,963,Sherm,smussettqq@ycombinator.com,Male,12.46.101.93,Augusta
963,964,Lettie,lhutonqr@foxnews.com,Female,143.22.249.242,Meiyuan
964,965,Christan,cdavisqs@skyrock.com,Female,3.35.225.139,Mirandopólis
965,966,Nannette,nspringqt@tuttocitta.it,Female,21.5.97.104,Bauru
966,967,Averell,abangerqu@reuters.com,Male,154.202.247.44,Oqtosh
967,968,Brenden,bblibenqv@google.co.uk,Agender,132.108.188.175,Krzyżowice
968,969,Saw,spurrierqw@php.net,Genderfluid,97.95.15.239,Wentugaole
969,970,Renae,rspellecyqx@wunderground.com,Female,211.96.174.74,Nanjie
970,971,Hazel,hharradenceqy@g.co,Male,26.6.0.113,Cergy-Pontoise
971,972,Gabrila,ggateleyqz@multiply.com,Female,29.90.66.95,Jinrui
972,973,Wally,wwhickmanr0@techcrunch.com,Male,241.207.168.251,Bihać
973,974,Bevon,bdarmodyr1@opera.com,Male,195.35.28.24,Divnomorskoye
974,975,Andreana,aroylr2@dot.gov,Female,139.173.117.12,Talisayan
975,976,Brooke,bwhiskinr3@walmart.com,Female,105.153.87.133,Kungur
976,977,Mervin,mjarredr4@e-recht24.de,Polygender,216.183.8.101,Teodoro Sampaio
977,978,Corabel,chuskissonr5@miibeian.gov.cn,Female,115.211.245.192,Pouso Alegre
978,979,Henry,hvaseninr6@java.com,Male,123.227.191.207,Palon
979,980,Opalina,ovassbenderr7@webs.com,Female,224.241.129.192,Binkolo
980,981,Tomasina,tohalleghaner8@cafepress.com,Female,150.119.242.96,Chengqiao
981,982,Cleon,clethburyr9@prweb.com,Male,55.102.214.31,Charras
982,983,Desirae,dbartensra@wikipedia.org,Female,210.17.170.138,Gao’an
983,984,Broddie,bcarseyrb@de.vu,Male,103.164.179.214,Talayan
984,985,Becka,bwaudbyrc@goo.ne.jp,Female,175.45.74.20,Auna
985,986,Meridith,mgaukrodgerd@bigcartel.com,Female,210.29.129.109,Cruzeiro
986,987,Quentin,qtenauntre@rambler.ru,Female,55.168.243.85,Gramaços
987,988,Anet,asummerscalesrf@deliciousdays.com,Female,228.125.123.49,Tyachiv
988,989,Hestia,hcapronrg@newsvine.com,Female,25.226.149.170,Châu Thành
989,990,Thorin,talltimesrh@sohu.com,Male,66.56.193.7,Mirões
990,991,Kirsteni,kfraysri@issuu.com,Bigender,250.163.143.16,Malim
991,992,Charlotta,cgalletleyrj@tumblr.com,Female,19.190.54.98,Paris 04
992,993,Reinwald,rproctorrk@scientificamerican.com,Male,182.182.22.102,Svalyava
993,994,Traci,tfoundrl@amazon.com,Female,218.172.193.47,Baoping
994,995,Daphne,dbullmanrm@ebay.co.uk,Female,90.108.200.43,Cleveland
995,996,Jacquelyn,jtabbrn@github.com,Female,220.29.235.224,Hroznětín
996,997,Lura,lmckirtonro@sciencedirect.com,Bigender,86.231.177.195,Xuguang
997,998,Lucius,ldonerp@cbslocal.com,Male,45.131.0.233,Fengmen
998,999,Emanuele,edallirq@bing.com,Male,25.155.236.116,Gerdu
999,1000,Emilia,emchalerr@columbia.edu,Female,125.33.20.147,Dobřív
